{ "results": [
	{
        "appIdentifier": "com.parse.syncAlarm",
        "appName": "tabSync",
        "appVersion": "1",
        "badge": 0,
        "channels": [
            "Reload"
        ],
        "createdAt": "2015-12-06T21:12:23.670Z",
        "deviceType": "ios",
        "installationId": "cb946f75-39af-4241-90d8-ba2cc6dea2fb",
        "localeIdentifier": "en-US",
        "objectId": "0DgPtq7Dtf",
        "parseVersion": "1.9.1",
        "timeZone": "Asia/Kuala_Lumpur",
        "updatedAt": "2015-12-06T21:12:23.670Z",
        "user": {
            "__type": "Pointer",
            "className": "_User",
            "objectId": "7Q2Plig1qF"
        }
    },
	{
        "appIdentifier": "com.parse.syncAlarm",
        "appName": "tabSync",
        "appVersion": "1",
        "badge": 0,
        "channels": [
            "Reload"
        ],
        "createdAt": "2015-12-28T06:56:42.754Z",
        "deviceType": "ios",
        "installationId": "42c9675f-1273-4f9b-9bc9-79c0c66fd4ec",
        "localeIdentifier": "en-US",
        "objectId": "X5yLRfiPsz",
        "parseVersion": "1.9.1",
        "timeZone": "Asia/Kuala_Lumpur",
        "updatedAt": "2015-12-28T06:56:42.754Z",
        "user": {
            "__type": "Pointer",
            "className": "_User",
            "objectId": "LBhwMAH5Iz"
        }
    },
	{
        "appIdentifier": "com.parse.syncAlarm",
        "appName": "tabSync",
        "appVersion": "1",
        "badge": 0,
        "channels": [
            "Reload"
        ],
        "createdAt": "2015-12-06T19:37:12.801Z",
        "deviceType": "ios",
        "installationId": "3bfcddaf-de3c-4c62-b2fe-fd79b256c6de",
        "localeIdentifier": "en-US",
        "objectId": "ZPQ4CHJFC0",
        "parseVersion": "1.9.1",
        "timeZone": "Asia/Kuala_Lumpur",
        "updatedAt": "2015-12-06T19:38:46.029Z",
        "user": {
            "__type": "Pointer",
            "className": "_User",
            "objectId": "OZVRjBjYFB"
        }
    },
	{
        "appIdentifier": "com.parse.syncAlarm",
        "appName": "tabSync",
        "appVersion": "1",
        "badge": 0,
        "channels": [
            "Reload"
        ],
        "createdAt": "2015-12-06T19:32:17.572Z",
        "deviceType": "ios",
        "installationId": "f2a024f4-3fff-448b-94b8-8e020cc7d102",
        "localeIdentifier": "en-US",
        "objectId": "kW244O71G4",
        "parseVersion": "1.9.1",
        "timeZone": "Asia/Kuala_Lumpur",
        "updatedAt": "2015-12-06T23:05:15.322Z",
        "user": {
            "__type": "Pointer",
            "className": "_User",
            "objectId": "vIfnktlB8L"
        }
    },
	{
        "appIdentifier": "com.parse.syncAlarm",
        "appName": "tabSync",
        "appVersion": "1",
        "badge": 0,
        "channels": [
            "Reload"
        ],
        "createdAt": "2016-01-10T00:51:46.786Z",
        "deviceToken": "4440fd305c53e5b655ca4f85612a955e6269bdc3cb4215306d09b61dfd655412",
        "deviceType": "ios",
        "installationId": "00acfda5-60c8-49ff-a636-1ab8fe8f9daf",
        "localeIdentifier": "en-MY",
        "objectId": "sWZ7e2Am39",
        "parseVersion": "1.9.1",
        "timeZone": "Asia/Kuala_Lumpur",
        "updatedAt": "2016-01-13T04:18:53.162Z",
        "user": {
            "__type": "Pointer",
            "className": "_User",
            "objectId": "G6PSbnln8R"
        }
    },
	{
        "appIdentifier": "com.parse.syncAlarm",
        "appName": "tabSync",
        "appVersion": "1",
        "badge": 0,
        "channels": [
            "Reload"
        ],
        "createdAt": "2015-12-06T19:24:06.494Z",
        "deviceToken": "a70f93e9672cbb636bc4d6c749e8650137826475a04e74f5fe99a0296cee8cde",
        "deviceType": "ios",
        "installationId": "cf22d93e-2398-4954-9714-a959bdaf4538",
        "localeIdentifier": "en-MY",
        "objectId": "zCpfWDKOwL",
        "parseVersion": "1.9.1",
        "timeZone": "Asia/Kuala_Lumpur",
        "updatedAt": "2015-12-07T13:46:01.996Z",
        "user": {
            "__type": "Pointer",
            "className": "_User",
            "objectId": "qZREif19ym"
        }
    }
] }