{ "results": [
	{
        "bcryptPassword": "$2a$10$mbI4s2iMiiHrB8JOYfGnXeIQzjGCKjkNqVyDbHEKB5UbVfU/rpKR6",
        "createdAt": "2016-01-13T04:18:52.555Z",
        "email": "mary@gmail.com",
        "objectId": "G6PSbnln8R",
        "sessionToken": "LzfWoes00rf5I3kLpmE5dRlnd",
        "updatedAt": "2016-01-13T04:18:52.555Z",
        "username": "mary"
    },
	{
        "bcryptPassword": "$2a$10$dUC7tDXArSNcVxtqjQxB8u5V9tB2xnIJJBd2Eg2x2wcc8QNBy8T7S",
        "createdAt": "2015-12-28T06:56:42.339Z",
        "email": "dessert@yahoo.com",
        "objectId": "LBhwMAH5Iz",
        "sessionToken": "ICSwBkq1eLBSvAvCKooAVkFmY",
        "updatedAt": "2015-12-28T06:56:42.339Z",
        "username": "dr.sadry"
    },
	{
        "bcryptPassword": "$2a$10$gK.ASPg6kWWpZyoTsAnZkeZaiWQuRqsKnCejSIRC9N/DamL8Uqyly",
        "createdAt": "2015-12-06T07:44:57.980Z",
        "email": "ameer@gmail.com",
        "objectId": "xHWn5W5Fff",
        "sessionToken": "BlCkCKzVSg0o6VeIKP50w0YSq",
        "updatedAt": "2015-12-06T07:44:57.980Z",
        "username": "Ameer Asraf"
    }
] }